State,Race,<16k,16-20k,20-25k,25-30k,30-35k,35-40k,40-45k,45-50k,50-60k,60-70k,70-80k,80k+
Alabama,ALL,160971,83065,99829,95400,97039,93504,86566,87842,218522,121537,106782,651924
Alaska,ALL,12078,5736,8743,7393,7893,8306,8902,9131,25764,18435,16381,131797
Arizona,ALL,166391,72385,98251,108769,113209,114812,112797,118946,320152,182915,163747,1111181
Arkansas,ALL,91781,50120,63227,65520,64788,62300,57156,57346,140635,76816,65867,362903
California,ALL,702694,377460,395789,428857,437182,445481,418839,436011,1202246,752970,700843,6919213
Colorado,ALL,110176,50572,63167,68773,71733,74801,76062,82663,230648,144040,131807,1123488
Connecticut,ALL,75935,37608,44306,45965,46327,46447,43458,46987,130709,79844,73776,725961
Delaware,ALL,21141,9943,11719,13477,14259,15920,15185,13588,42471,25440,23420,174532
District of Columbia,ALL,27936,8882,8879,6961,7527,9439,6552,7780,22699,14767,14384,174296
Florida,ALL,543907,256469,333843,364709,378114,383879,359398,371848,986998,550020,484088,3144144
Georgia,ALL,266742,123261,156142,164692,171692,169670,160058,159885,432301,257119,228588,1595219
Hawaii,ALL,25189,9675,11503,13356,12752,15475,13995,15579,42635,29000,27599,261652
Idaho,ALL,33125,19754,25753,28614,28106,30952,28252,30060,85011,51032,43601,252839
Illinois,ALL,324296,138128,175054,190868,190719,188564,177497,186475,503874,308447,281030,2265302
Indiana,ALL,165759,80696,108061,119770,117823,125198,118020,119893,319676,184958,164966,997780
Iowa,ALL,69408,38671,52101,52000,53327,56748,53624,57183,154221,90515,81510,516583
Kansas,ALL,64870,33488,42990,49867,51059,50147,48311,50585,140612,79091,70620,458096
Kentucky,ALL,149309,73942,84138,85788,88985,84516,80111,79645,206143,116878,102192,596826
Louisiana,ALL,171216,80282,96943,93985,88674,84897,73390,74299,188445,104146,91840,600568
Maine,ALL,33927,21259,24497,25541,25222,24786,25787,25043,65944,38545,35250,225261
Maryland,ALL,116107,46975,58449,59722,64565,67094,65951,71433,206136,130958,123397,1283481
Massachusetts,ALL,150720,86360,89069,85653,81918,82438,77804,80065,224642,142392,134450,1478936
Michigan,ALL,266220,127157,159020,173613,175690,184102,173121,176960,464858,267316,238910,1569761
Minnesota,ALL,101060,57224,68200,73018,75841,81608,78406,84299,238799,145818,135283,1089544
Mississippi,ALL,111109,56980,66261,62756,61500,57609,49001,52163,129288,68884,60630,332487
Missouri,ALL,157665,83698,103576,111485,112400,118453,107580,110438,293369,166587,147802,920764
Montana,ALL,26660,15541,17382,20903,21877,22221,19282,19981,52583,31696,27260,161092
Nebraska,ALL,41025,22345,28168,30097,32002,34415,31217,34615,91686,54571,48986,317758
Nevada,ALL,74884,30002,40748,46462,46901,51893,47052,50760,132734,78964,70642,470907
New Hampshire,ALL,21446,12452,16254,17256,17867,18376,18152,17648,53419,33594,31573,282460
New Jersey,ALL,168991,87506,97910,110066,105606,105000,102428,103871,288274,183602,173998,1869902
New Mexico,ALL,72927,35064,40443,41481,40098,39859,34588,35206,95589,52652,44845,264842
New York,ALL,523681,266818,286018,281703,275761,268906,246649,264424,706350,425798,390302,3593739
North Carolina,ALL,272129,146708,176464,184679,191030,192550,183368,181589,474644,266156,235552,1529813
North Dakota,ALL,19257,9470,11488,12974,13260,12908,12413,12793,36088,20826,19206,135857
Ohio,ALL,333103,158889,200089,211550,213393,219014,206483,213030,557632,322736,286997,1831243
Oklahoma,ALL,106570,55586,66247,75007,81477,73014,69968,70191,187446,103262,89823,525275
Oregon,ALL,96744,48768,60383,63212,63681,66602,66314,67675,181230,111364,100384,731732
Pennsylvania,ALL,317233,165333,208376,210528,215268,217916,205703,206611,559821,335768,303833,2201391
Rhode Island,ALL,25325,16525,16203,16353,15283,15553,14531,16989,40030,25181,24096,200698
South Carolina,ALL,153987,70858,88732,93884,93387,97356,88094,90599,235727,132267,116517,715037
South Dakota,ALL,18835,10855,13239,15046,14673,17636,14749,16039,41690,24508,22488,136019
Tennessee,ALL,190835,100738,122746,121839,126281,128200,125032,124541,320613,182252,159143,962569
Texas,ALL,659162,305432,380507,413003,431492,439416,406866,424814,1133724,669027,593934,4381963
Utah,ALL,41894,21141,26102,27933,34900,37034,34441,40067,112281,74797,68673,514386
Vermont,ALL,13242,9692,9917,10502,11166,10726,10661,10423,29241,18087,16321,112535
Virginia,ALL,170544,78978,99883,107792,112852,110605,108521,113732,327291,194882,180348,1643099
Washington,ALL,139104,67468,83289,88319,93924,93696,96944,103507,295376,185642,171121,1513449
West Virginia,ALL,64174,33227,41769,40261,38139,35538,35333,32366,86967,45770,39726,218080
Wisconsin,ALL,119931,72651,82364,101137,105524,101033,95939,101936,293679,171025,154389,1002208
Wyoming,ALL,13261,6818,8672,8879,10047,10116,8775,8630,26458,15902,14581,98512
United States,ALL,7804696,3878675,4672903,4947418,5044233,5096729,4799326,4968184,13377371,7908812,7133523,54379120
Alabama,WHITE,83491,44992,55589,58123,59331,58047,55644,57966,149852,87364,78913,522597
Alaska,WHITE,6997,3445,5253,4439,5667,5141,5902,6099,17581,12380,11373,101176
Arizona,WHITE,113828,51956,74101,81200,84277,83410,83705,87198,239452,139985,126098,885017
Arkansas,WHITE,59362,34894,44954,46959,49024,45711,42271,42320,110382,61712,52793,304405
California,WHITE,365854,197243,223933,239313,251376,250886,236591,246111,684795,428013,404122,4234829
Colorado,WHITE,82372,38260,50195,55827,57495,59497,60795,66185,184975,117385,108446,963218
Connecticut,WHITE,46366,22361,29144,32239,32332,31520,30516,34153,93828,60741,56804,596808
Delaware,WHITE,11239,5346,8020,7974,8255,9938,10202,9712,28755,17971,16753,131082
District of Columbia,WHITE,4491,1035,1393,959,1182,1783,1515,1663,5387,5458,5707,107867
Florida,WHITE,347019,169484,231547,249386,260928,268477,252924,258703,703761,398024,354695,2452698
Georgia,WHITE,117076,58532,81119,84235,88315,90185,84617,85964,243317,148974,136405,1077430
Hawaii,WHITE,8134,3755,3668,4130,3764,4390,4361,4448,13868,9149,8589,80660
Idaho,WHITE,28849,16964,22708,25092,24984,26939,24523,26335,75872,44807,38851,232549
Illinois,WHITE,177972,82925,114433,124138,127147,129526,123822,130571,358348,223972,206346,1764792
Indiana,WHITE,113860,61889,85063,96870,92553,101236,94886,97537,269371,157842,142664,885621
Iowa,WHITE,57128,34028,46780,45970,48150,50430,47810,51650,139109,82938,75132,483543
Kansas,WHITE,48406,25672,34004,41120,42409,41911,41166,40980,117911,68131,61139,405175
Kentucky,WHITE,122229,63045,71307,72661,74355,70869,69183,68696,179214,102670,90576,541576
Louisiana,WHITE,75667,36546,49031,48731,49331,49289,44314,45596,122181,68066,62272,462854
Maine,WHITE,31083,20295,22959,23916,23754,23341,24368,23293,63002,36666,33588,216059
Maryland,WHITE,49454,21358,29636,31528,33563,33055,34806,35686,107167,70971,68231,797521
Massachusetts,WHITE,98862,60072,67938,64085,60437,61387,59628,60409,172482,110906,105743,1221062
Michigan,WHITE,165590,86960,115544,130839,132703,138956,131410,140039,371905,220046,197989,1333706
Minnesota,WHITE,74465,43383,56022,60535,62655,66410,64547,69946,202726,125586,117390,974052
Mississippi,WHITE,43191,24408,31387,30910,31088,30725,27949,30074,78057,44762,40702,251615
Missouri,WHITE,109974,61089,80246,86790,89482,92043,86352,90635,240793,140443,125362,804488
Montana,WHITE,21892,13426,15656,18599,19765,20035,17401,17985,47755,29178,25220,150533
Nebraska,WHITE,31764,18268,24175,25141,27623,28727,26981,29767,78941,48468,43427,288060
Nevada,WHITE,41854,18330,25989,28145,28433,30978,27820,30976,83902,49778,45491,334600
New Hampshire,WHITE,19449,11571,15263,16233,16547,16648,16306,16274,49956,31403,29474,264678
New Jersey,WHITE,88653,47325,59486,68482,63233,66043,65105,65815,185115,119982,116041,1335569
New Mexico,WHITE,44852,22013,27406,27758,26232,26815,23467,24120,66546,37670,32349,201302
New York,WHITE,260231,143285,170287,166460,168990,164271,149906,166164,451754,279850,260275,2596246
North Carolina,WHITE,149077,84655,110840,114233,119840,120745,119195,118305,323607,188788,170046,1195297
North Dakota,WHITE,14490,7905,10346,10545,11088,10962,10206,11121,31270,18249,17141,126046
Ohio,WHITE,213236,110288,147807,161737,164411,170966,160611,169588,459162,271781,244208,1611423
Oklahoma,WHITE,67057,36862,47738,53441,58114,51050,49977,50259,139459,77882,68166,420286
Oregon,WHITE,76673,40051,51413,53235,54588,56545,56033,56879,153269,94384,85669,626814
Pennsylvania,WHITE,204134,117857,158759,164271,167210,172663,162109,163094,457293,279634,254993,1905941
Rhode Island,WHITE,17099,12357,12996,12456,11491,11907,11653,13055,31452,20211,19442,173434
South Carolina,WHITE,75498,37049,51585,53405,56445,57264,55153,60704,160478,93942,84203,573969
South Dakota,WHITE,13427,8435,10994,12839,12051,15104,12679,14304,37031,21990,20328,127198
Tennessee,WHITE,124817,70494,92644,90429,92970,94260,94405,96979,247353,144449,127578,808922
Texas,WHITE,378327,182582,237484,260324,268302,269791,261805,267328,740633,443619,400431,3176254
Utah,WHITE,33935,17663,22425,24032,29029,30436,28508,33855,95587,65275,59920,460235
Vermont,WHITE,12224,9178,9272,9923,10418,10126,9966,9697,27689,17314,15603,107873
Virginia,WHITE,96288,47540,61711,67737,70304,69587,70212,74359,215607,134446,125868,1206723
Washington,WHITE,99439,50407,63434,66959,70392,72652,73950,77997,227482,142332,132661,1186563
West Virginia,WHITE,57481,29635,38675,37384,35186,33650,33085,30322,82096,43026,37478,206939
Wisconsin,WHITE,88321,55673,67567,83245,88784,83996,80660,86477,257183,150160,136948,917301
Wyoming,WHITE,11703,6112,7889,7879,9253,8963,7920,7756,24428,14406,13265,91558
United States,WHITE,4684902,2468917,3177815,3382861,3475256,3519286,3368920,3505149,9649139,5803198,5292932,41926183
Alabama,BLACK OR AFRICAN AMERICAN,68484,33764,38284,32549,31950,30335,26959,25819,57610,28451,22936,97684
Alaska,BLACK OR AFRICAN AMERICAN,422,168,277,264,368,347,328,316,908,1101,771,3186
Arizona,BLACK OR AFRICAN AMERICAN,10199,4522,4222,5039,5573,6301,5516,6168,15932,7798,6549,35094
Arkansas,BLACK OR AFRICAN AMERICAN,26200,12342,13579,13017,10158,9895,10082,9680,19067,9440,7930,29762
California,BLACK OR AFRICAN AMERICAN,80302,46844,35170,37191,35008,33156,30275,30679,79585,49086,43519,306074
Colorado,BLACK OR AFRICAN AMERICAN,8306,3116,3560,3622,3261,3293,3605,4256,11209,5850,4993,29520
Connecticut,BLACK OR AFRICAN AMERICAN,13244,7536,6800,6590,6388,7133,5641,6047,16864,8566,7401,48007
Delaware,BLACK OR AFRICAN AMERICAN,7845,3572,2687,4203,4836,4127,3958,2589,9809,4955,4491,26904
District of Columbia,BLACK OR AFRICAN AMERICAN,19705,7080,6707,5092,5513,6600,4290,5090,14114,6776,6506,44911
Florida,BLACK OR AFRICAN AMERICAN,118826,52306,59037,64011,65361,65043,58012,62653,150467,74952,62941,283391
Georgia,BLACK OR AFRICAN AMERICAN,124252,55964,61820,64261,66398,61757,60234,58935,146380,81826,69578,357256
Hawaii,BLACK OR AFRICAN AMERICAN,620,250,180,372,334,408,570,660,977,678,712,4806
Idaho,BLACK OR AFRICAN AMERICAN,302,166,57,118,295,59,131,284,441,362,249,535
Illinois,BLACK OR AFRICAN AMERICAN,100833,38887,40960,41652,36918,33753,29907,29483,74232,40213,33960,182263
Indiana,BLACK OR AFRICAN AMERICAN,36780,13925,15925,14719,16287,14062,14832,13308,30217,14612,11609,48422
Iowa,BLACK OR AFRICAN AMERICAN,5675,2384,2813,2725,2086,3289,2415,1733,5333,2685,2089,7306
Kansas,BLACK OR AFRICAN AMERICAN,8218,3352,4125,3795,3828,3622,2728,3307,7903,3758,3044,14952
Kentucky,BLACK OR AFRICAN AMERICAN,19719,8205,8677,8556,9478,8812,7519,7189,17990,9109,7287,30434
Louisiana,BLACK OR AFRICAN AMERICAN,84266,39050,42921,39009,33321,30461,24563,23866,53989,29391,23542,100628
Maine,BLACK OR AFRICAN AMERICAN,496,85,266,460,269,166,342,552,595,324,299,1271
Maryland,BLACK OR AFRICAN AMERICAN,51689,20093,22268,21232,22900,25059,23124,26351,72481,42748,38997,313200
Massachusetts,BLACK OR AFRICAN AMERICAN,16391,8364,7621,7578,8097,7162,6172,7363,18327,10624,9595,67327
Michigan,BLACK OR AFRICAN AMERICAN,78507,31632,31955,30931,30971,32968,31168,26192,62415,30264,24817,111971
Minnesota,BLACK OR AFRICAN AMERICAN,13795,8076,6239,5908,6723,7142,6327,6547,13969,8038,6676,30636
Mississippi,BLACK OR AFRICAN AMERICAN,63297,31232,32741,28961,27950,24602,19515,19203,45694,21500,17504,68963
Missouri,BLACK OR AFRICAN AMERICAN,34961,16664,16786,17885,16617,18042,14260,12724,34621,16628,13888,59248
Montana,BLACK OR AFRICAN AMERICAN,200,56,55,85,50,103,16,201,304,106,82,309
Nebraska,BLACK OR AFRICAN AMERICAN,4533,1833,1967,2244,1915,2755,1503,1826,4493,1724,1482,7738
Nevada,BLACK OR AFRICAN AMERICAN,14649,4904,5297,6635,5136,7043,6436,5996,12990,6384,5404,27172
New Hampshire,BLACK OR AFRICAN AMERICAN,530,136,211,264,280,421,169,246,650,388,391,2634
New Jersey,BLACK OR AFRICAN AMERICAN,43513,21131,19943,18935,18675,19322,16687,17494,48296,27970,24829,166255
New Mexico,BLACK OR AFRICAN AMERICAN,2116,1115,846,975,998,995,724,882,2067,1050,897,4517
New York,BLACK OR AFRICAN AMERICAN,129698,58060,53165,49634,45224,47865,43184,44384,111204,62592,54942,377175
North Carolina,BLACK OR AFRICAN AMERICAN,95465,49611,51467,51743,52619,51997,46543,46222,109045,53620,44896,199919
North Dakota,BLACK OR AFRICAN AMERICAN,1515,371,117,745,605,591,613,497,1594,691,567,1622
Ohio,BLACK OR AFRICAN AMERICAN,94095,37463,39589,37206,36645,35749,34411,31836,67870,33300,27304,115075
Oklahoma,BLACK OR AFRICAN AMERICAN,16645,7354,6181,6780,7133,6072,6020,6021,13379,5969,5194,23163
Oregon,BLACK OR AFRICAN AMERICAN,3817,1494,1366,1550,1119,1243,925,1376,3289,2049,1631,8620
Pennsylvania,BLACK OR AFRICAN AMERICAN,73635,31204,32466,28275,30056,26959,26981,26707,62037,31346,26873,130473
Rhode Island,BLACK OR AFRICAN AMERICAN,2977,1296,1097,1372,1033,1114,918,987,2623,1260,1355,8008
South Carolina,BLACK OR AFRICAN AMERICAN,68725,30055,32494,34246,30710,33833,27803,24687,61236,31342,26052,101475
South Dakota,BLACK OR AFRICAN AMERICAN,597,229,258,247,608,418,291,268,972,466,382,1171
Tennessee,BLACK OR AFRICAN AMERICAN,53862,25833,24434,24740,26473,25581,24644,20812,54873,27118,22650,100481
Texas,BLACK OR AFRICAN AMERICAN,135620,60080,62752,65560,67059,73343,61202,65765,159688,88802,73621,397613
Utah,BLACK OR AFRICAN AMERICAN,1001,415,545,409,754,501,582,759,1584,425,395,3051
Vermont,BLACK OR AFRICAN AMERICAN,203,88,161,83,147,166,228,98,381,168,140,408
Virginia,BLACK OR AFRICAN AMERICAN,54677,25076,29722,29594,30545,30094,27761,26913,74006,38608,33719,212991
Washington,BLACK OR AFRICAN AMERICAN,8701,4380,4362,4406,4511,4416,3994,5455,12648,7290,6319,39056
West Virginia,BLACK OR AFRICAN AMERICAN,3757,1912,1968,1541,1635,1053,1261,927,2178,1407,1174,4512
Wisconsin,BLACK OR AFRICAN AMERICAN,18897,11219,8608,9957,9547,9166,6952,7584,15365,7876,6341,23269
Wyoming,BLACK OR AFRICAN AMERICAN,221,36,107,73,17,270,76,126,155,42,39,593
United States,BLACK OR AFRICAN AMERICAN,1823000,824949,844855,837039,824382,818664,732397,729063,1784056,941744,798585,4261070
Alabama,AMERICAN INDIAN AND ALASKA NATIVE,769,386,680,381,447,253,310,328,1054,470,467,2877
Alaska,AMERICAN INDIAN AND ALASKA NATIVE,2673,1242,2018,1609,1138,1465,1111,1336,3312,1924,1591,9102
Arizona,AMERICAN INDIAN AND ALASKA NATIVE,14487,3712,4555,5214,4734,5087,4248,4926,10310,4890,4334,21735
Arkansas,AMERICAN INDIAN AND ALASKA NATIVE,766,301,533,409,342,263,253,357,813,289,265,1533
California,AMERICAN INDIAN AND ALASKA NATIVE,7535,4233,4356,4644,4207,3876,3681,4786,12907,7164,6493,46392
Colorado,AMERICAN INDIAN AND ALASKA NATIVE,1928,1039,952,698,776,953,912,694,2298,1276,1140,6569
Connecticut,AMERICAN INDIAN AND ALASKA NATIVE,338,121,302,111,215,135,222,187,159,113,142,1099
Delaware,AMERICAN INDIAN AND ALASKA NATIVE,80,37,46,97,92,100,23,90,223,28,59,415
District of Columbia,AMERICAN INDIAN AND ALASKA NATIVE,155,156,33,26,37,6,0,14,410,49,43,268
Florida,AMERICAN INDIAN AND ALASKA NATIVE,1859,794,744,717,753,1165,998,915,2377,1342,1086,6140
Georgia,AMERICAN INDIAN AND ALASKA NATIVE,935,434,703,947,933,725,473,454,1458,929,717,2898
Hawaii,AMERICAN INDIAN AND ALASKA NATIVE,246,54,103,72,77,91,49,52,146,113,98,638
Idaho,AMERICAN INDIAN AND ALASKA NATIVE,810,432,538,573,591,425,225,345,1015,532,409,1792
Illinois,AMERICAN INDIAN AND ALASKA NATIVE,800,423,481,744,501,549,623,661,1711,882,777,5152
Indiana,AMERICAN INDIAN AND ALASKA NATIVE,486,256,168,263,213,262,148,276,588,469,345,1243
Iowa,AMERICAN INDIAN AND ALASKA NATIVE,401,124,188,296,173,64,301,203,417,173,159,896
Kansas,AMERICAN INDIAN AND ALASKA NATIVE,720,569,541,377,260,300,378,388,680,552,455,1954
Kentucky,AMERICAN INDIAN AND ALASKA NATIVE,339,180,316,206,92,243,150,94,217,131,107,467
Louisiana,AMERICAN INDIAN AND ALASKA NATIVE,1009,361,516,614,617,514,351,238,975,508,574,2983
Maine,AMERICAN INDIAN AND ALASKA NATIVE,482,134,261,134,168,194,64,109,267,112,114,849
Maryland,AMERICAN INDIAN AND ALASKA NATIVE,428,335,292,210,78,169,84,247,698,209,308,2792
Massachusetts,AMERICAN INDIAN AND ALASKA NATIVE,587,562,321,238,237,300,238,145,642,286,231,1215
Michigan,AMERICAN INDIAN AND ALASKA NATIVE,1863,712,886,827,1167,862,950,963,2280,1262,1097,4786
Minnesota,AMERICAN INDIAN AND ALASKA NATIVE,2572,1174,1052,944,716,763,946,852,1756,966,830,4053
Mississippi,AMERICAN INDIAN AND ALASKA NATIVE,540,192,181,533,333,251,246,253,637,382,258,610
Missouri,AMERICAN INDIAN AND ALASKA NATIVE,819,354,444,399,145,398,571,360,887,542,464,1999
Montana,AMERICAN INDIAN AND ALASKA NATIVE,3064,1301,1027,1262,972,1135,802,751,2063,1078,847,3313
Nebraska,AMERICAN INDIAN AND ALASKA NATIVE,455,332,313,256,264,159,288,284,549,473,396,1255
Nevada,AMERICAN INDIAN AND ALASKA NATIVE,1525,470,742,817,886,649,655,527,1561,930,825,4034
New Hampshire,AMERICAN INDIAN AND ALASKA NATIVE,23,38,7,68,94,12,1,91,44,70,48,324
New Jersey,AMERICAN INDIAN AND ALASKA NATIVE,639,344,443,325,372,214,210,315,704,523,437,3217
New Mexico,AMERICAN INDIAN AND ALASKA NATIVE,8834,3130,3203,3337,3350,2880,2917,3013,6002,3330,2711,11982
New York,AMERICAN INDIAN AND ALASKA NATIVE,3053,1820,1804,1364,1603,749,899,1358,2883,1856,1532,8357
North Carolina,AMERICAN INDIAN AND ALASKA NATIVE,5590,2552,2767,2845,2447,1992,1987,1950,4707,2812,2228,8829
North Dakota,AMERICAN INDIAN AND ALASKA NATIVE,1877,465,479,655,810,542,569,334,1049,677,565,2840
Ohio,AMERICAN INDIAN AND ALASKA NATIVE,926,517,682,362,539,383,343,469,776,476,396,1858
Oklahoma,AMERICAN INDIAN AND ALASKA NATIVE,8567,4583,4760,5805,6078,5802,4944,4585,11876,6980,5957,28706
Oregon,AMERICAN INDIAN AND ALASKA NATIVE,1895,850,600,811,708,671,892,784,1852,1276,1064,5242
Pennsylvania,AMERICAN INDIAN AND ALASKA NATIVE,1128,305,214,445,316,316,336,315,795,443,373,2109
Rhode Island,AMERICAN INDIAN AND ALASKA NATIVE,159,112,96,92,50,25,52,130,78,123,85,361
South Carolina,AMERICAN INDIAN AND ALASKA NATIVE,861,408,308,421,360,245,391,322,718,267,271,1436
South Dakota,AMERICAN INDIAN AND ALASKA NATIVE,3623,1464,1511,1136,1071,1175,998,593,1805,797,623,2430
Tennessee,AMERICAN INDIAN AND ALASKA NATIVE,530,468,188,356,375,326,206,181,618,451,413,1812
Texas,AMERICAN INDIAN AND ALASKA NATIVE,3924,1956,2002,2072,2669,2490,2017,1623,6251,3908,3423,19410
Utah,AMERICAN INDIAN AND ALASKA NATIVE,1133,507,356,507,455,358,441,432,1017,754,685,2954
Vermont,AMERICAN INDIAN AND ALASKA NATIVE,108,60,36,40,37,0,7,109,25,54,39,115
Virginia,AMERICAN INDIAN AND ALASKA NATIVE,579,239,219,452,296,201,300,312,667,566,472,3763
Washington,AMERICAN INDIAN AND ALASKA NATIVE,2792,1371,1514,1457,1601,1186,1361,1399,3665,1910,1731,10471
West Virginia,AMERICAN INDIAN AND ALASKA NATIVE,104,39,53,67,31,83,122,32,53,45,31,192
Wisconsin,AMERICAN INDIAN AND ALASKA NATIVE,1452,926,857,1014,998,911,795,912,1920,1481,1217,4351
Wyoming,AMERICAN INDIAN AND ALASKA NATIVE,458,133,284,210,123,126,65,223,369,268,259,1175
United States,AMERICAN INDIAN AND ALASKA NATIVE,96947,42728,45675,47459,45547,42043,39153,40317,100284,57157,49216,261012
Alabama,ASIAN,2361,513,722,838,1325,715,686,627,2572,1046,1084,10773
Alaska,ASIAN,547,296,471,311,301,396,470,391,1164,1239,1015,6296
Arizona,ASIAN,5751,1954,2107,2095,2027,2782,2262,2557,7309,4512,4376,44967
Arkansas,ASIAN,751,233,569,332,782,668,895,655,1318,824,932,7656
California,ASIAN,109104,51206,45264,49985,42319,47668,43259,45455,125457,84075,81396,1179105
Colorado,ASIAN,3466,1080,1627,1652,1493,1484,1356,2120,5449,3388,3283,34000
Connecticut,ASIAN,2873,651,1221,1486,1346,1263,1099,1119,4214,2683,2614,35067
Delaware,ASIAN,535,110,292,292,259,642,477,311,1383,734,647,9006
District of Columbia,ASIAN,1127,236,198,143,134,211,322,343,737,622,580,8393
Florida,ASIAN,12236,4440,5339,7208,7350,6006,6345,7219,19596,11706,10662,94932
Georgia,ASIAN,7477,2195,3275,4089,4371,4505,4428,4439,12532,8315,7852,79051
Hawaii,ASIAN,8739,3000,4785,4998,4556,5359,4455,5547,15666,11376,10613,107465
Idaho,ASIAN,670,180,194,538,315,370,368,268,831,446,389,3292
Illinois,ASIAN,18179,4695,5710,6308,6040,6211,5926,6293,18203,12183,12343,148204
Indiana,ASIAN,4778,996,1570,1772,2338,1926,1859,2111,4456,3422,2926,23963
Iowa,ASIAN,2757,299,603,811,944,809,834,1033,2781,1586,1510,11373
Kansas,ASIAN,1775,789,1041,1019,989,661,862,1376,2889,1684,1667,13866
Kentucky,ASIAN,1272,335,615,706,1166,913,978,802,2694,1384,1178,9616
Louisiana,ASIAN,2009,773,797,1108,898,734,1021,1049,2955,1544,1412,11396
Maine,ASIAN,381,72,326,136,286,227,142,265,416,319,234,1559
Maryland,ASIAN,6337,1629,2744,2352,2642,3091,2942,2715,8942,5856,5735,84875
Massachusetts,ASIAN,12677,3516,3403,4338,3515,3532,3195,3046,10973,6759,6746,100870
Michigan,ASIAN,7056,1847,2211,2432,2747,2749,2255,2293,8858,5813,5840,62792
Minnesota,ASIAN,3973,1534,1809,1832,2093,2914,2841,2716,8067,4456,4364,44110
Mississippi,ASIAN,867,124,141,411,447,187,402,424,1296,601,616,3763
Missouri,ASIAN,3579,1212,1269,1295,1511,1649,1164,1238,4307,2106,2272,21978
Montana,ASIAN,238,41,59,57,118,33,426,79,379,295,200,1083
Nebraska,ASIAN,1082,136,439,615,548,838,376,411,2022,936,1008,6920
Nevada,ASIAN,4817,1903,2613,3186,2799,3079,2824,3012,9340,6982,5835,39392
New Hampshire,ASIAN,679,200,88,139,225,431,947,437,845,588,625,6923
New Jersey,ASIAN,10785,4267,4528,4929,5401,4306,5025,4677,15585,10692,11181,213403
New Mexico,ASIAN,928,151,478,578,404,396,628,320,1195,703,706,5315
New York,ASIAN,37163,14850,17019,21040,21969,18703,16685,16985,47199,28386,26358,287374
North Carolina,ASIAN,5116,2075,2071,2649,3310,3441,3155,2543,7459,5048,5051,59767
North Dakota,ASIAN,294,56,242,195,323,177,409,137,563,298,273,1678
Ohio,ASIAN,7002,1732,2377,3172,2753,2921,2579,2494,8531,5640,5341,50996
Oklahoma,ASIAN,2194,512,892,1182,1448,1482,1458,1241,2965,1637,1640,11580
Oregon,ASIAN,5437,1664,1310,2185,1314,1611,1836,1595,5423,3476,3309,35963
Pennsylvania,ASIAN,12392,3675,3948,4287,5743,4531,4701,4344,13915,7284,7384,80968
Rhode Island,ASIAN,767,276,204,345,335,337,298,288,1009,724,665,6613
South Carolina,ASIAN,1754,504,618,921,1029,1138,897,868,2674,1579,1433,13423
South Dakota,ASIAN,252,76,122,197,222,168,169,185,390,252,262,1487
Tennessee,ASIAN,2680,576,750,735,1197,1471,975,1139,3880,2685,2371,20795
Texas,ASIAN,28119,8435,10324,11482,13021,12874,13594,13047,37009,23781,23945,278946
Utah,ASIAN,1613,532,408,539,729,691,621,973,2228,1633,1483,11592
Vermont,ASIAN,231,101,29,168,242,180,74,290,200,176,169,1291
Virginia,ASIAN,8160,2683,3046,3370,3983,3724,3686,4423,14259,8290,8195,122361
Washington,ASIAN,12697,4560,5157,5014,5153,4749,5322,5474,16243,11871,11135,154627
West Virginia,ASIAN,497,261,188,309,179,150,295,92,495,234,173,2090
Wisconsin,ASIAN,3955,1096,1315,1785,1611,1269,1502,1877,5038,3456,3306,25301
Wyoming,ASIAN,146,93,81,95,74,94,49,47,292,83,66,633
United States,ASIAN,370294,134391,146609,167661,166324,166466,159374,163390,474203,305422,294423,3598906
Alabama,NATIVE HAWAIIAN AND OTHER PACIFIC ISLANDER,22,17,19,35,73,16,16,6,84,4,12,123
Alaska,NATIVE HAWAIIAN AND OTHER PACIFIC ISLANDER,22,4,20,86,19,76,43,181,350,260,187,1018
Arizona,NATIVE HAWAIIAN AND OTHER PACIFIC ISLANDER,301,22,125,86,169,237,191,92,337,244,253,2000
Arkansas,NATIVE HAWAIIAN AND OTHER PACIFIC ISLANDER,67,13,2,239,283,265,119,42,561,253,142,457
California,NATIVE HAWAIIAN AND OTHER PACIFIC ISLANDER,2726,1048,1178,1308,1002,1409,1304,1086,3430,2218,2159,22128
Colorado,NATIVE HAWAIIAN AND OTHER PACIFIC ISLANDER,250,52,54,59,202,93,35,85,152,226,167,1393
Connecticut,NATIVE HAWAIIAN AND OTHER PACIFIC ISLANDER,89,83,21,28,108,0,12,19,0,0,5,115
Delaware,NATIVE HAWAIIAN AND OTHER PACIFIC ISLANDER,7,0,0,0,0,0,16,0,0,24,15,68
District of Columbia,NATIVE HAWAIIAN AND OTHER PACIFIC ISLANDER,0,0,0,0,0,0,0,0,0,0,0,33
Florida,NATIVE HAWAIIAN AND OTHER PACIFIC ISLANDER,367,40,149,256,103,156,92,168,615,208,182,1330
Georgia,NATIVE HAWAIIAN AND OTHER PACIFIC ISLANDER,160,14,35,98,95,257,33,142,293,90,68,573
Hawaii,NATIVE HAWAIIAN AND OTHER PACIFIC ISLANDER,3078,950,1088,1255,1321,2155,1323,1790,3767,2528,2417,18419
Idaho,NATIVE HAWAIIAN AND OTHER PACIFIC ISLANDER,151,28,0,136,65,65,15,47,4,54,33,221
Illinois,NATIVE HAWAIIAN AND OTHER PACIFIC ISLANDER,222,75,44,9,46,122,70,115,142,85,95,748
Indiana,NATIVE HAWAIIAN AND OTHER PACIFIC ISLANDER,2,8,25,45,0,65,3,65,130,22,36,237
Iowa,NATIVE HAWAIIAN AND OTHER PACIFIC ISLANDER,36,11,7,47,94,52,41,88,248,44,53,227
Kansas,NATIVE HAWAIIAN AND OTHER PACIFIC ISLANDER,11,5,53,50,48,3,23,16,102,54,33,169
Kentucky,NATIVE HAWAIIAN AND OTHER PACIFIC ISLANDER,100,15,35,85,20,30,90,55,73,14,38,256
Louisiana,NATIVE HAWAIIAN AND OTHER PACIFIC ISLANDER,57,21,1,2,0,7,132,37,34,162,92,109
Maine,NATIVE HAWAIIAN AND OTHER PACIFIC ISLANDER,0,0,6,0,0,7,0,0,0,0,2,35
Maryland,NATIVE HAWAIIAN AND OTHER PACIFIC ISLANDER,17,7,11,3,0,78,13,120,106,43,37,557
Massachusetts,NATIVE HAWAIIAN AND OTHER PACIFIC ISLANDER,68,32,6,14,91,37,0,25,84,2,50,463
Michigan,NATIVE HAWAIIAN AND OTHER PACIFIC ISLANDER,175,14,75,5,14,51,27,50,75,28,30,266
Minnesota,NATIVE HAWAIIAN AND OTHER PACIFIC ISLANDER,204,15,23,1,93,54,84,8,78,11,40,318
Mississippi,NATIVE HAWAIIAN AND OTHER PACIFIC ISLANDER,69,11,91,23,0,7,60,0,0,0,29,153
Missouri,NATIVE HAWAIIAN AND OTHER PACIFIC ISLANDER,225,91,53,114,109,88,83,69,268,107,166,947
Montana,NATIVE HAWAIIAN AND OTHER PACIFIC ISLANDER,2,4,4,8,0,0,33,25,10,4,8,28
Nebraska,NATIVE HAWAIIAN AND OTHER PACIFIC ISLANDER,56,10,33,7,44,7,0,31,23,14,13,126
Nevada,NATIVE HAWAIIAN AND OTHER PACIFIC ISLANDER,409,89,143,263,245,377,229,369,762,522,419,2813
New Hampshire,NATIVE HAWAIIAN AND OTHER PACIFIC ISLANDER,7,0,0,0,0,20,94,2,38,14,7,18
New Jersey,NATIVE HAWAIIAN AND OTHER PACIFIC ISLANDER,79,13,70,99,0,43,24,14,75,62,36,301
New Mexico,NATIVE HAWAIIAN AND OTHER PACIFIC ISLANDER,71,0,0,9,17,25,8,13,2,85,43,107
New York,NATIVE HAWAIIAN AND OTHER PACIFIC ISLANDER,327,106,143,213,165,140,68,159,323,87,101,1096
North Carolina,NATIVE HAWAIIAN AND OTHER PACIFIC ISLANDER,169,31,118,76,157,114,78,149,253,166,165,810
North Dakota,NATIVE HAWAIIAN AND OTHER PACIFIC ISLANDER,37,62,0,69,0,29,37,0,78,0,0,83
Ohio,NATIVE HAWAIIAN AND OTHER PACIFIC ISLANDER,278,13,149,28,43,9,22,45,37,54,46,251
Oklahoma,NATIVE HAWAIIAN AND OTHER PACIFIC ISLANDER,129,217,80,98,75,182,85,42,240,23,42,495
Oregon,NATIVE HAWAIIAN AND OTHER PACIFIC ISLANDER,273,19,42,98,258,253,180,193,611,340,293,2341
Pennsylvania,NATIVE HAWAIIAN AND OTHER PACIFIC ISLANDER,162,40,101,159,17,61,139,89,114,68,43,287
Rhode Island,NATIVE HAWAIIAN AND OTHER PACIFIC ISLANDER,66,0,0,29,20,9,0,152,0,20,12,37
South Carolina,NATIVE HAWAIIAN AND OTHER PACIFIC ISLANDER,55,38,7,15,81,61,60,81,23,36,75,482
South Dakota,NATIVE HAWAIIAN AND OTHER PACIFIC ISLANDER,1,7,0,5,3,146,0,28,0,5,9,26
Tennessee,NATIVE HAWAIIAN AND OTHER PACIFIC ISLANDER,154,10,57,112,18,62,7,149,67,86,52,284
Texas,NATIVE HAWAIIAN AND OTHER PACIFIC ISLANDER,345,218,330,408,530,358,185,402,892,575,504,3053
Utah,NATIVE HAWAIIAN AND OTHER PACIFIC ISLANDER,337,131,126,11,287,336,331,406,658,723,539,2697
Vermont,NATIVE HAWAIIAN AND OTHER PACIFIC ISLANDER,0,0,0,0,0,27,9,17,5,11,5,0
Virginia,NATIVE HAWAIIAN AND OTHER PACIFIC ISLANDER,196,39,31,27,125,38,16,47,98,102,98,958
Washington,NATIVE HAWAIIAN AND OTHER PACIFIC ISLANDER,559,128,243,395,576,236,818,627,1191,1146,1100,7008
West Virginia,NATIVE HAWAIIAN AND OTHER PACIFIC ISLANDER,5,0,0,0,35,0,0,15,0,13,6,22
Wisconsin,NATIVE HAWAIIAN AND OTHER PACIFIC ISLANDER,52,0,0,55,0,0,86,3,80,54,64,393
Wyoming,NATIVE HAWAIIAN AND OTHER PACIFIC ISLANDER,0,0,0,0,6,6,9,33,35,15,10,47
United States,NATIVE HAWAIIAN AND OTHER PACIFIC ISLANDER,12215,3766,4798,6168,6657,7869,6343,7397,16548,10919,10053,76145
Alabama,SOME OTHER RACE,1853,1085,1820,1308,1924,1669,1128,1149,3069,1400,982,4240
Alaska,SOME OTHER RACE,236,121,162,102,89,181,278,199,509,260,256,1844
Arizona,SOME OTHER RACE,9323,4157,6314,7168,7372,7412,7595,7861,20001,10524,8977,45284
Arkansas,SOME OTHER RACE,1054,650,1473,1309,1490,2510,1287,1532,4117,1438,1277,5538
California,SOME OTHER RACE,82477,43479,54778,62070,68942,70584,66831,73353,190890,113859,100532,592829
Colorado,SOME OTHER RACE,5292,3248,2677,2650,3042,4003,3637,4043,10178,5628,5184,28106
Connecticut,SOME OTHER RACE,7540,4237,4419,4035,3794,3745,3723,3178,8846,4076,3496,18044
Delaware,SOME OTHER RACE,723,355,157,295,249,484,161,309,1170,721,552,2528
District of Columbia,SOME OTHER RACE,1023,95,251,381,405,452,270,347,1189,857,640,4066
Florida,SOME OTHER RACE,18990,8364,12577,15579,14388,14938,13291,14738,35699,18856,15789,74187
Georgia,SOME OTHER RACE,6363,2260,4321,4071,5838,6539,4736,4005,13164,7355,5681,24066
Hawaii,SOME OTHER RACE,315,67,66,74,299,327,387,402,659,505,458,2851
Idaho,SOME OTHER RACE,1022,910,945,1109,674,1603,1346,1301,3338,2125,1604,5546
Illinois,SOME OTHER RACE,13395,5346,7495,9620,11219,10738,9734,11503,28935,16900,14880,80678
Indiana,SOME OTHER RACE,4015,1130,1946,2561,2676,3210,3105,2515,6536,4148,3287,13577
Iowa,SOME OTHER RACE,679,454,332,735,514,579,706,605,2412,1030,917,4130
Kansas,SOME OTHER RACE,2151,863,1169,1043,1296,1518,1244,1732,4901,1914,1597,6540
Kentucky,SOME OTHER RACE,1106,323,659,763,993,898,542,926,1348,890,747,3394
Louisiana,SOME OTHER RACE,3042,841,1285,1599,2222,1555,981,1155,2729,1474,1301,5768
Maine,SOME OTHER RACE,116,104,88,95,30,199,75,28,174,258,166,625
Maryland,SOME OTHER RACE,3846,1310,1847,2455,2952,3331,2966,3979,9447,5934,5349,35210
Massachusetts,SOME OTHER RACE,11024,7325,4671,4618,4761,4423,4280,4433,11120,6620,5823,33511
Michigan,SOME OTHER RACE,3853,1277,2066,2311,2569,2893,2221,2348,5861,2602,2477,12830
Minnesota,SOME OTHER RACE,2170,892,1131,1256,1493,1975,1490,1729,4639,2407,2212,10991
Mississippi,SOME OTHER RACE,1297,240,262,680,262,1031,331,795,1351,386,451,2332
Missouri,SOME OTHER RACE,1556,1071,972,798,1006,1468,1656,1292,2989,2066,1511,6336
Montana,SOME OTHER RACE,160,88,60,92,157,247,80,110,276,157,164,1291
Nebraska,SOME OTHER RACE,689,550,393,676,856,603,945,938,2609,1272,1128,5103
Nevada,SOME OTHER RACE,6316,2250,3455,4303,5422,5729,5624,6123,13397,8227,7090,28506
New Hampshire,SOME OTHER RACE,157,53,35,20,266,399,296,94,184,228,235,1651
New Jersey,SOME OTHER RACE,14703,8019,7880,10107,9798,9334,9496,9434,22911,14556,12497,69779
New Mexico,SOME OTHER RACE,8460,4400,4262,4924,4444,4800,3677,3222,9648,4531,3632,16641
New York,SOME OTHER RACE,64878,32964,28299,28079,25575,23987,24036,22864,59679,33815,29219,167404
North Carolina,SOME OTHER RACE,6622,3283,3981,5904,6358,7975,5639,7430,15482,7444,5973,21678
North Dakota,SOME OTHER RACE,310,224,112,365,143,123,410,166,369,247,176,756
Ohio,SOME OTHER RACE,4486,2352,2325,2496,2777,2307,2149,2457,5809,2884,2444,11221
Oklahoma,SOME OTHER RACE,2744,1176,1462,1713,2365,2293,2088,2121,5350,2634,2090,8060
Oregon,SOME OTHER RACE,2676,1397,1451,1481,2093,2169,1985,2455,5565,3668,3090,15068
Pennsylvania,SOME OTHER RACE,14280,7056,6839,7079,6068,6353,5362,6067,10924,6768,5608,26834
Rhode Island,SOME OTHER RACE,2395,1413,986,1418,1273,1439,837,987,3057,1492,1201,5089
South Carolina,SOME OTHER RACE,3210,1084,1572,2275,2020,1453,1465,1888,4976,1619,1537,7160
South Dakota,SOME OTHER RACE,218,132,69,57,217,246,88,153,516,242,185,688
Tennessee,SOME OTHER RACE,2500,828,1349,2347,1754,2181,1659,1626,4618,2276,1750,7555
Texas,SOME OTHER RACE,45577,20466,27819,34437,35619,36586,31017,35041,80604,43821,36983,171655
Utah,SOME OTHER RACE,1597,725,1187,1287,2294,2745,2510,1641,6325,3236,2873,14520
Vermont,SOME OTHER RACE,17,18,31,46,5,40,139,26,171,67,45,250
Virginia,SOME OTHER RACE,3456,1009,1854,3167,3446,3057,3368,3223,9142,5098,4473,28718
Washington,SOME OTHER RACE,5657,2067,3021,4204,4975,4860,5832,5698,15498,8860,7345,34228
West Virginia,SOME OTHER RACE,373,140,137,142,163,73,157,106,613,128,149,653
Wisconsin,SOME OTHER RACE,3212,1364,1532,2353,2001,2276,2542,1985,5967,3238,2458,9940
Wyoming,SOME OTHER RACE,231,110,115,181,175,171,323,140,384,468,370,1352
United States,SOME OTHER RACE,379406,183392,214109,247838,260763,269711,245725,261452,659345,371223,318884,1680872
Alabama,TWO OR MORE RACES,3989,2305,2715,2166,1989,2469,1823,1947,4281,2800,2384,13627
Alaska,TWO OR MORE RACES,1179,456,542,582,311,700,770,609,1940,1269,1185,9174
Arizona,TWO OR MORE RACES,12499,6059,6827,7967,9057,9583,9280,10144,26811,14959,13158,77081
Arkansas,TWO OR MORE RACES,3578,1684,2117,3255,2709,2988,2249,2760,4377,2858,2525,13551
California,TWO OR MORE RACES,54693,33404,31110,34346,34328,37902,36898,34541,105182,68553,62620,537855
Colorado,TWO OR MORE RACES,8561,3777,4102,4265,5464,5478,5722,5280,16387,10284,8591,60680
Connecticut,TWO OR MORE RACES,5482,2616,2399,1476,2144,2651,2245,2284,6798,3663,3311,26818
Delaware,TWO OR MORE RACES,710,520,517,616,568,629,348,577,1131,1005,900,4525
District of Columbia,TWO OR MORE RACES,1433,279,297,360,256,387,155,323,862,1003,906,8757
Florida,TWO OR MORE RACES,44608,21039,24450,27552,29231,28094,27736,27452,74483,44932,38731,231464
Georgia,TWO OR MORE RACES,10477,3861,4869,6991,5742,5702,5537,5946,15157,9629,8286,53942
Hawaii,TWO OR MORE RACES,4054,1597,1613,2455,2401,2745,2850,2680,7552,4649,4709,46810
Idaho,TWO OR MORE RACES,1320,1072,1311,1048,1182,1491,1644,1480,3510,2704,2065,8903
Illinois,TWO OR MORE RACES,12890,5775,5931,8397,8848,7665,7415,7849,22303,14210,12625,83464
Indiana,TWO OR MORE RACES,5836,2488,3364,3540,3756,4437,3187,4081,8378,4441,4096,24714
Iowa,TWO OR MORE RACES,2730,1369,1378,1416,1366,1525,1517,1871,3921,2058,1647,9105
Kansas,TWO OR MORE RACES,3587,2236,2057,2463,2229,2132,1910,2786,6226,2997,2682,15438
Kentucky,TWO OR MORE RACES,4541,1836,2529,2811,2881,2751,1649,1883,4607,2679,2257,11082
Louisiana,TWO OR MORE RACES,5163,2687,2392,2922,2285,2337,2028,2358,5582,3000,2644,16828
Maine,TWO OR MORE RACES,1367,566,591,800,715,652,796,796,1490,864,844,4861
Maryland,TWO OR MORE RACES,4333,2240,1651,1942,2430,2311,2016,2335,7295,5195,4738,49323
Massachusetts,TWO OR MORE RACES,11109,6486,5109,4782,4780,5597,4291,4644,11014,7194,6259,54485
Michigan,TWO OR MORE RACES,9174,4712,6283,6268,5519,5623,5090,5075,13464,7298,6655,43407
Minnesota,TWO OR MORE RACES,3878,2148,1924,2542,2068,2350,2171,2501,7564,4352,3769,25382
Mississippi,TWO OR MORE RACES,1846,771,1458,1238,1420,806,498,1414,2253,1252,1067,5050
Missouri,TWO OR MORE RACES,6548,3215,3806,4204,3530,4765,3494,4120,9504,4692,4135,25765
Montana,TWO OR MORE RACES,1102,623,521,800,815,668,524,830,1796,876,736,4533
Nebraska,TWO OR MORE RACES,2444,1212,848,1158,752,1326,1124,1358,3049,1682,1529,8554
Nevada,TWO OR MORE RACES,5311,2054,2509,3113,3980,4038,3464,3757,10782,6139,5575,34387
New Hampshire,TWO OR MORE RACES,599,452,650,532,455,445,339,504,1702,902,790,6230
New Jersey,TWO OR MORE RACES,10616,6404,5560,7189,8127,5738,5881,6122,15588,9816,8975,81377
New Mexico,TWO OR MORE RACES,7663,4253,4248,3900,4653,3948,3167,3636,10129,5281,4504,24975
New York,TWO OR MORE RACES,28330,15732,15301,14913,12235,13191,11871,12510,33308,19210,17873,156084
North Carolina,TWO OR MORE RACES,10086,4500,5220,7229,6299,6286,6771,4990,14091,8276,7190,43510
North Dakota,TWO OR MORE RACES,732,384,192,400,291,484,169,538,1165,663,481,2831
Ohio,TWO OR MORE RACES,13078,6523,7160,6549,6225,6679,6368,6141,15447,8600,7256,40417
Oklahoma,TWO OR MORE RACES,9232,4880,5134,5988,6264,6133,5396,5922,14177,8135,6732,32983
Oregon,TWO OR MORE RACES,5969,3291,4201,3852,3601,4110,4463,4393,11221,6168,5325,37681
Pennsylvania,TWO OR MORE RACES,11500,5195,6049,6012,5858,7033,6075,5995,14743,10222,8557,54776
Rhode Island,TWO OR MORE RACES,1861,1068,824,641,1081,722,773,1390,1811,1348,1334,7154
South Carolina,TWO OR MORE RACES,3882,1719,2148,2601,2742,3362,2325,2049,5622,3480,2943,17088
South Dakota,TWO OR MORE RACES,715,509,285,565,501,379,524,508,976,754,697,3015
Tennessee,TWO OR MORE RACES,6290,2527,3324,3120,3494,4319,3136,3655,9204,5185,4327,22718
Texas,TWO OR MORE RACES,67247,31692,39796,38720,44292,43974,37046,41608,108647,64518,55023,335029
Utah,TWO OR MORE RACES,2274,1167,1055,1148,1352,1967,1448,2001,4882,2749,2776,19334
Vermont,TWO OR MORE RACES,457,244,388,242,317,187,238,186,770,294,315,2595
Virginia,TWO OR MORE RACES,7185,2390,3300,3445,4153,3904,3178,4455,13512,7772,7520,67581
Washington,TWO OR MORE RACES,9256,4553,5558,5884,6716,5597,5667,6857,18649,12232,10827,81493
West Virginia,TWO OR MORE RACES,1955,1238,748,818,910,529,413,872,1532,915,711,3669
Wisconsin,TWO OR MORE RACES,4040,2370,2485,2728,2583,3415,3402,3098,8126,4757,4053,21651
Wyoming,TWO OR MORE RACES,501,332,196,441,399,486,333,305,795,616,569,3151
United States,TWO OR MORE RACES,437930,220530,239042,258392,265304,272690,247414,261416,693796,419147,369428,2574929
Alabama,"WHITE, NOT HISPANIC OR LATINO",81249,43972,54342,56250,57588,56818,54234,56315,146733,85596,77280,514892
Alaska,"WHITE, NOT HISPANIC OR LATINO",6785,3341,5032,4220,5296,4936,5339,5805,16441,11751,10863,97833
Arizona,"WHITE, NOT HISPANIC OR LATINO",90200,41184,58982,63272,65795,64414,67145,68390,190897,114301,103592,770281
Arkansas,"WHITE, NOT HISPANIC OR LATINO",57835,34094,43983,45071,47129,44165,40528,40642,105673,59400,50984,297320
California,"WHITE, NOT HISPANIC OR LATINO",282249,148872,164075,170074,175898,175647,164629,172803,488534,313682,299687,3511269
Colorado,"WHITE, NOT HISPANIC OR LATINO",70218,32235,42686,47689,48924,50116,51647,55893,158834,101180,94515,886502
Connecticut,"WHITE, NOT HISPANIC OR LATINO",38177,18519,25732,27855,29017,28090,27485,28890,84262,55739,52448,567831
Delaware,"WHITE, NOT HISPANIC OR LATINO",10699,5033,7497,7397,7669,9194,9623,9095,26665,16941,15833,126484
District of Columbia,"WHITE, NOT HISPANIC OR LATINO",3839,822,1180,837,1048,1625,1303,1482,4930,5102,5219,100565
Florida,"WHITE, NOT HISPANIC OR LATINO",269326,130198,184805,197303,206534,211819,203796,206946,568710,326025,291900,2091726
Georgia,"WHITE, NOT HISPANIC OR LATINO",110881,55658,76106,77847,81586,83474,78100,78692,226276,139358,127963,1033426
Hawaii,"WHITE, NOT HISPANIC OR LATINO",7629,3589,3426,3763,3467,4113,3733,4089,12587,8509,7929,74689
Idaho,"WHITE, NOT HISPANIC OR LATINO",27025,16264,21691,23796,23573,25681,23260,25052,71075,42253,36876,224338
Illinois,"WHITE, NOT HISPANIC OR LATINO",164180,77288,104615,110521,113852,115409,112189,117756,327186,205192,189215,1656890
Indiana,"WHITE, NOT HISPANIC OR LATINO",110224,60555,82725,92640,89473,97804,90814,94254,261091,153436,138859,866363
Iowa,"WHITE, NOT HISPANIC OR LATINO",54858,32908,45419,43974,46438,48849,45930,49768,135014,80552,73013,474386
Kansas,"WHITE, NOT HISPANIC OR LATINO",45241,24060,31628,38453,39513,38275,38528,37835,110254,64108,57667,389385
Kentucky,"WHITE, NOT HISPANIC OR LATINO",120490,62266,70346,71306,72754,69386,67814,67417,176094,101136,89223,534381
Louisiana,"WHITE, NOT HISPANIC OR LATINO",72163,34994,47412,46582,47292,47089,42633,44106,117694,66010,60399,450966
Maine,"WHITE, NOT HISPANIC OR LATINO",30747,20036,22808,23641,23587,23164,24195,23193,62593,36369,33318,214465
Maryland,"WHITE, NOT HISPANIC OR LATINO",47635,20428,28324,29954,31897,31444,33281,33570,101921,67235,64834,767617
Massachusetts,"WHITE, NOT HISPANIC OR LATINO",87593,53375,61762,58799,55348,56909,55703,56705,162212,104807,100109,1181221
Michigan,"WHITE, NOT HISPANIC OR LATINO",160258,84508,112573,126478,128905,135253,127953,136258,361497,214918,193282,1306009
Minnesota,"WHITE, NOT HISPANIC OR LATINO",72616,42395,54683,58768,60833,64613,63072,68296,198225,123261,115096,958736
Mississippi,"WHITE, NOT HISPANIC OR LATINO",42245,23908,30785,30006,30351,29906,27399,29592,76656,44076,40099,248534
Missouri,"WHITE, NOT HISPANIC OR LATINO",107452,59999,78903,84572,87212,89746,84410,88951,235354,137338,122928,792218
Montana,"WHITE, NOT HISPANIC OR LATINO",21431,13260,15404,18067,19347,19835,16889,17653,46969,28715,24850,148575
Nebraska,"WHITE, NOT HISPANIC OR LATINO",30046,17530,22885,23757,25629,26968,24934,27599,74301,45784,41220,279182
Nevada,"WHITE, NOT HISPANIC OR LATINO",34641,15609,22733,23861,23841,26397,22746,25224,70766,42726,39031,296163
New Hampshire,"WHITE, NOT HISPANIC OR LATINO",19049,11300,15026,15896,16260,16392,15923,16062,49046,30569,28867,261403
New Jersey,"WHITE, NOT HISPANIC OR LATINO",72045,36997,49224,57054,53374,54506,54250,56375,159066,103262,101182,1225180
New Mexico,"WHITE, NOT HISPANIC OR LATINO",25369,11906,15643,16709,15094,15797,13721,14189,40495,24540,20882,143184
New York,"WHITE, NOT HISPANIC OR LATINO",222958,124000,153198,149913,153624,148991,136883,151658,414840,259034,241285,2433065
North Carolina,"WHITE, NOT HISPANIC OR LATINO",142328,81670,105210,106916,111494,113300,112385,111527,307708,180838,163345,1162218
North Dakota,"WHITE, NOT HISPANIC OR LATINO",14294,7832,10158,10353,10889,10676,10059,10906,30989,17876,16863,124753
Ohio,"WHITE, NOT HISPANIC OR LATINO",206768,107139,144854,158111,160295,166451,157427,166230,450380,266836,240019,1590028
Oklahoma,"WHITE, NOT HISPANIC OR LATINO",63456,34805,45065,50416,54589,47160,47022,46850,130760,73252,64339,405175
Oregon,"WHITE, NOT HISPANIC OR LATINO",72890,37895,48538,49027,50599,52185,51920,53704,142734,89136,80676,600104
Pennsylvania,"WHITE, NOT HISPANIC OR LATINO",191731,111620,153067,158259,161080,165587,156148,157168,442598,271081,247647,1864997
Rhode Island,"WHITE, NOT HISPANIC OR LATINO",15007,10765,11793,11424,10628,10809,10594,11702,29474,18567,18083,167210
South Carolina,"WHITE, NOT HISPANIC OR LATINO",73252,35910,49840,50776,53745,54974,53598,58224,156015,91500,82158,562776
South Dakota,"WHITE, NOT HISPANIC OR LATINO",13030,8322,10808,12671,11784,14903,12485,14101,36176,21780,20125,125858
Tennessee,"WHITE, NOT HISPANIC OR LATINO",121539,68970,90045,87578,89323,91158,91500,94189,240025,141122,124570,793617
Texas,"WHITE, NOT HISPANIC OR LATINO",232002,108185,143717,158786,162714,162722,166434,173875,484258,302898,279023,2524725
Utah,"WHITE, NOT HISPANIC OR LATINO",30959,16327,20466,22142,26070,27591,25848,30953,88650,60825,56132,440336
Vermont,"WHITE, NOT HISPANIC OR LATINO",11993,9128,9220,9802,10370,10002,9762,9545,27466,17167,15466,107151
Virginia,"WHITE, NOT HISPANIC OR LATINO",92637,45791,59112,64522,66244,66344,66438,69989,203611,126662,118880,1154120
Washington,"WHITE, NOT HISPANIC OR LATINO",93222,47977,59738,62464,66740,67867,69410,72405,213552,133484,125105,1141202
West Virginia,"WHITE, NOT HISPANIC OR LATINO",57019,29532,38429,37055,35070,33483,32746,30155,81516,42807,37262,205421
Wisconsin,"WHITE, NOT HISPANIC OR LATINO",85248,53601,65475,80465,85840,80874,77569,83928,250929,146364,133692,900987
Wyoming,"WHITE, NOT HISPANIC OR LATINO",10712,5572,7506,7334,8880,8485,7397,7417,23070,13793,12629,87907
United States,"WHITE, NOT HISPANIC OR LATINO",4125461,2182164,2828674,2984426,3064502,3101396,2988831,3113423,8622802,5228909,4786484,38883682
Alabama,HISPANIC OR LATINO,5320,2599,3810,3695,4344,3106,3339,3194,7334,3648,3182,15829
Alaska,HISPANIC OR LATINO,752,352,474,446,656,534,1054,717,2021,1294,1044,6415
Arizona,HISPANIC OR LATINO,42811,19834,26383,30915,32223,33970,31586,34980,90334,47857,41739,213394
Arkansas,HISPANIC OR LATINO,3156,1650,2928,3664,4344,4805,3849,4099,9743,4386,3723,16035
California,HISPANIC OR LATINO,201663,115537,138043,157974,170829,176195,168221,174812,471097,282387,253297,1671644
Colorado,HISPANIC OR LATINO,23389,12201,12704,13632,15402,17422,16760,18155,48046,28957,24955,139240
Connecticut,HISPANIC OR LATINO,20344,10067,9460,9651,8953,9050,8436,10526,22781,11470,9912,60520
Delaware,HISPANIC OR LATINO,1693,608,854,919,1208,1431,851,1192,3792,2092,1762,8227
District of Columbia,HISPANIC OR LATINO,1886,443,553,719,609,801,503,781,2670,1672,1513,14946
Florida,HISPANIC OR LATINO,132614,65150,80108,90147,90849,94240,85238,88338,228155,126566,109366,607771
Georgia,HISPANIC OR LATINO,16582,6688,11165,15001,15426,16433,14357,14351,37638,22158,18114,90096
Hawaii,HISPANIC OR LATINO,2023,773,815,1174,1210,1201,1742,1735,3957,2208,2246,19210
Idaho,HISPANIC OR LATINO,3513,2296,2310,2834,2821,3480,3283,3339,10058,5549,4264,17205
Illinois,HISPANIC OR LATINO,33336,13981,21063,28752,30622,29776,26837,30108,75122,45539,40878,240291
Indiana,HISPANIC OR LATINO,9829,3098,5049,7923,6917,8675,7700,7122,17201,9554,8262,41622
Iowa,HISPANIC OR LATINO,3703,1897,2034,3329,2583,2632,3239,3461,8004,4028,3524,15945
Kansas,HISPANIC OR LATINO,6643,3692,4529,4610,5047,6041,4525,6028,15035,7364,6242,28082
Kentucky,HISPANIC OR LATINO,3911,1477,2431,2936,3200,2962,2528,2552,5707,3363,2841,13556
Louisiana,HISPANIC OR LATINO,7303,3116,3530,4456,4845,4207,3690,3587,8825,4753,4261,24231
Maine,HISPANIC OR LATINO,575,377,234,361,274,272,273,181,658,550,455,2651
Maryland,HISPANIC OR LATINO,6458,2874,3825,4325,5858,5650,5080,7341,17453,11770,10561,83651
Massachusetts,HISPANIC OR LATINO,29396,18932,14264,13111,13071,11819,10110,10818,26046,15434,13913,93134
Michigan,HISPANIC OR LATINO,11232,5008,6592,7751,8145,8008,7112,7360,20502,9598,8802,51311
Minnesota,HISPANIC OR LATINO,4543,2229,2984,3765,4116,4359,3415,4106,10601,6207,5631,32053
Mississippi,HISPANIC OR LATINO,2498,962,1406,1888,1552,2173,946,1472,3383,1631,1450,6489
Missouri,HISPANIC OR LATINO,5105,2802,2804,3875,4012,4895,4188,3811,10745,6071,4709,23572
Montana,HISPANIC OR LATINO,862,395,366,863,680,575,793,734,1454,819,713,3819
Nebraska,HISPANIC OR LATINO,3753,1890,2163,2566,3137,3082,3561,3797,8795,4906,4160,17989
Nevada,HISPANIC OR LATINO,16476,6268,7923,10836,12502,13167,12806,14351,34035,19148,17069,86775
New Hampshire,HISPANIC OR LATINO,806,439,512,551,687,733,731,466,1632,1234,993,6282
New Jersey,HISPANIC OR LATINO,40004,24028,22604,27328,26611,25201,24861,23726,61068,39030,34113,233873
New Mexico,HISPANIC OR LATINO,34947,18523,19833,19524,20024,19191,15911,16480,44838,22332,18989,95602
New York,HISPANIC OR LATINO,127592,66469,57960,56856,50861,50439,46873,48154,122620,69528,61404,428424
North Carolina,HISPANIC OR LATINO,17197,7492,11395,16144,17646,18329,15159,15820,37109,20237,16409,71728
North Dakota,HISPANIC OR LATINO,694,384,334,788,420,557,611,515,826,712,538,2556
Ohio,HISPANIC OR LATINO,14345,6617,6870,7114,7912,8566,6952,7265,17184,9795,8327,42685
Oklahoma,HISPANIC OR LATINO,8298,4164,5124,6084,7523,7644,6621,6820,17233,9459,7586,28841
Oregon,HISPANIC OR LATINO,7950,4449,5269,7299,7418,8259,8022,7022,21264,11408,10020,54615
Pennsylvania,HISPANIC OR LATINO,32345,15675,15167,16504,15321,15984,13695,15104,32247,20113,16796,88691
Rhode Island,HISPANIC OR LATINO,5804,3555,2980,2775,2728,3086,2397,3073,6097,4077,3382,14674
South Carolina,HISPANIC OR LATINO,5686,2500,4069,5807,5229,5542,3946,4953,11294,5138,4613,24191
South Dakota,HISPANIC OR LATINO,859,376,462,532,475,581,513,592,1564,666,567,2875
Tennessee,HISPANIC OR LATINO,7224,2520,4481,6372,6429,6583,5432,5864,14433,6927,5978,28919
Texas,HISPANIC OR LATINO,249353,122920,155898,169712,180495,183341,158670,162954,432794,239909,205172,1084862
Utah,HISPANIC OR LATINO,5814,2485,3581,3742,6113,6480,5988,5673,16158,9420,8319,43369
Vermont,HISPANIC OR LATINO,325,91,107,149,104,155,303,235,484,242,225,1388
Virginia,HISPANIC OR LATINO,9811,3392,5800,7901,9066,8171,8805,9819,26243,16557,14894,110098
Washington,HISPANIC OR LATINO,14378,5948,8349,10654,10811,11893,12520,14433,36201,21550,18604,101974
West Virginia,HISPANIC OR LATINO,821,323,334,521,297,293,558,440,1135,434,430,2792
Wisconsin,HISPANIC OR LATINO,7683,4571,4487,6161,6242,6953,7223,5834,15834,8827,7327,33471
Wyoming,HISPANIC OR LATINO,1383,818,733,1018,715,896,1035,671,2050,1366,1247,6286
United States,HISPANIC OR LATINO,1194708,604955,707153,805654,838562,859838,782848,818961,2121500,1209956,1054545,6153918
